DoF,GroupCount,sum_Var1
1,960,4290.32947861848
2,945,6755.54033567203
3,871,6160.85710957936
4,960,7178.73393728678
5,960,7210.94645535887
6,960,6607.43361147572
7,960,4265.28189965819
